Id,Invoice amount,Customer ID,Is the payment electronic or cash?,Date,time
922567,45,4166,false,5/31/2025,19:07
922412,16,35020,false,5/31/2025,16:58
922384,56,24431,true,5/31/2025,15:52
921970,14,7326,true,5/31/2025,02:35
921756,18,28724,true,5/31/2025,00:02
921712,30,50428,false,5/30/2025,23:25
921660,62,2693,false,5/30/2025,22:47
921526,30,26865,false,5/30/2025,21:12
921415,31,3986,true,5/30/2025,19:14
921402,28,19677,true,5/30/2025,18:56
921348,29,5763,true,5/30/2025,17:56
921212,41,7563,true,5/30/2025,14:44
921197,34,36296,true,5/30/2025,14:33
920927,48,37203,false,5/30/2025,04:53
920718,21,48413,true,5/30/2025,01:17
920324,29,31033,true,5/29/2025,21:24
920276,23,35787,true,5/29/2025,21:02
920217,39,30507,false,5/29/2025,20:07
920105,71,1456,true,5/29/2025,18:19
920076,30,50408,true,5/29/2025,17:51
920012,32,48686,true,5/29/2025,16:00
920000,21,36296,true,5/29/2025,15:26
919919,16,46245,true,5/29/2025,13:49
919895,14,27496,true,5/29/2025,13:19
919776,22,1905,true,5/29/2025,08:58
919763,14,42588,true,5/29/2025,08:36
919617,59,1058,true,5/29/2025,03:16
919597,53,29053,true,5/29/2025,02:58
919225,54,18909,false,5/28/2025,22:03
919074,38,34129,true,5/28/2025,19:41
919069,58,2817,true,5/28/2025,19:39
918866,21,24773,true,5/28/2025,16:44
918556,14,1846,true,5/28/2025,09:27
918420,14,28952,false,5/28/2025,05:39
918394,32,50293,true,5/28/2025,04:50
918348,53,42266,true,5/28/2025,03:16
918188,16,50127,false,5/28/2025,00:57
917901,23,1456,true,5/27/2025,21:57
917763,29,3909,true,5/27/2025,20:26
917675,7,7589,true,5/27/2025,19:24
917596,14,40925,true,5/27/2025,18:00
917458,23,50221,true,5/27/2025,16:01
917372,47,30891,true,5/27/2025,14:31
917086,30,29854,false,5/27/2025,07:43
916971,29,9112,false,5/27/2025,04:43
916964,14,46715,true,5/27/2025,04:21
916787,61,10833,true,5/27/2025,01:59
916578,16,1224,true,5/26/2025,23:29
916526,16,38123,true,5/26/2025,22:39
916404,22,20004,true,5/26/2025,20:40
916371,67,1058,true,5/26/2025,20:16
916183,42,40925,true,5/26/2025,15:30
916084,23,1123,true,5/26/2025,12:21
915682,38,6078,true,5/25/2025,22:54
915473,25,30950,true,5/25/2025,18:28
915414,29,1805,true,5/25/2025,17:03
915404,29,39281,true,5/25/2025,16:48
915228,30,37982,true,5/25/2025,10:47
915099,30,9306,true,5/25/2025,04:55
915000,27,1995,true,5/25/2025,01:30
914752,14,32535,true,5/24/2025,20:51
914560,29,2865,true,5/24/2025,16:27
914239,23,12632,true,5/24/2025,02:18
914142,23,1456,true,5/24/2025,00:14
914109,16,10554,true,5/23/2025,23:47
913872,40,28042,true,5/23/2025,19:55
913792,77,1141,true,5/23/2025,17:15
913745,16,38460,true,5/23/2025,15:39
913709,32,2696,true,5/23/2025,14:41
913464,48,1468,true,5/23/2025,08:39
912774,16,38460,true,5/22/2025,14:06
912675,28,10810,true,5/22/2025,10:20
912584,56,41162,true,5/22/2025,07:03
912503,29,1058,true,5/22/2025,02:34
912270,20,3162,true,5/21/2025,21:49
912103,31,3944,true,5/21/2025,18:13
912089,45,30950,true,5/21/2025,17:46
912056,21,23224,true,5/21/2025,16:38
911839,41,1468,true,5/21/2025,08:23
911688,20,23165,true,5/21/2025,01:07
911276,33,28076,true,5/20/2025,17:16
911033,14,4132,true,5/20/2025,09:20
911005,20,10810,true,5/20/2025,08:05
910976,20,50186,true,5/20/2025,07:14
910905,21,12300,true,5/20/2025,03:24
910453,31,5676,true,5/19/2025,18:20
910325,20,36914,true,5/19/2025,15:12
909934,20,38251,true,5/19/2025,00:07
909896,20,23224,true,5/18/2025,23:35
909778,22,40508,true,5/18/2025,21:38
909747,25,12300,true,5/18/2025,21:07
909738,58,11912,true,5/18/2025,20:57
909634,80,15627,true,5/18/2025,18:56
909570,29,2311,true,5/18/2025,17:04
908887,39,36743,true,5/17/2025,21:26
908667,30,1805,true,5/17/2025,16:32
908527,7,4306,true,5/17/2025,11:47
908339,36,11912,true,5/17/2025,02:54
908306,15,1917,true,5/17/2025,02:14
908282,14,38251,true,5/17/2025,01:49
908155,31,12300,true,5/16/2025,23:32
908017,29,37016,true,5/16/2025,21:15
907977,29,7185,true,5/16/2025,20:42
907865,35,25595,true,5/16/2025,18:52
907795,28,1805,true,5/16/2025,17:37
907489,32,2926,true,5/16/2025,07:35
906950,42,1099,true,5/15/2025,20:15
906921,61,34344,true,5/15/2025,19:38
906918,54,2062,true,5/15/2025,19:18
906852,9,2014,true,5/15/2025,17:20
906837,33,2696,true,5/15/2025,16:54
906727,36,3909,true,5/15/2025,14:16
906466,30,25761,true,5/15/2025,05:24
906381,59,12234,true,5/15/2025,02:04
906376,39,36743,true,5/15/2025,01:54
906369,30,1058,true,5/15/2025,01:48
906222,30,7293,true,5/14/2025,23:38
906168,29,8674,true,5/14/2025,22:42
905926,28,1321,true,5/14/2025,18:00
905884,39,31391,true,5/14/2025,17:22
905882,56,28042,true,5/14/2025,17:16
905822,22,19488,true,5/14/2025,15:46
905744,55,29333,true,5/14/2025,13:19
905458,21,4537,true,5/14/2025,02:27
905399,7,41937,true,5/14/2025,00:57
905175,45,1468,true,5/13/2025,21:56
904650,25,9812,true,5/13/2025,07:24
904645,23,2926,true,5/13/2025,07:19
904523,7,25578,true,5/13/2025,01:51
904029,26,41553,true,5/12/2025,19:39
903978,51,36989,true,5/12/2025,18:36
903949,25,37403,true,5/12/2025,18:09
903885,32,9834,true,5/12/2025,16:12
903875,29,1805,true,5/12/2025,15:59
903862,7,9083,true,5/12/2025,15:32
903697,16,2211,true,5/12/2025,09:43
903648,30,3197,true,5/12/2025,07:59
903644,32,14254,true,5/12/2025,07:51
903096,25,1433,true,5/11/2025,21:37
903083,54,29053,true,5/11/2025,21:26
902971,30,2649,true,5/11/2025,19:56
902945,30,1192,true,5/11/2025,19:33
902788,42,33332,true,5/11/2025,16:21
902608,16,3255,true,5/11/2025,11:34
902556,21,4132,true,5/11/2025,09:03
902426,19,34431,true,5/11/2025,03:32
902386,32,26671,true,5/11/2025,02:45
902307,19,4561,true,5/11/2025,01:23
902114,37,1332,true,5/10/2025,22:31
901859,46,1775,true,5/10/2025,18:25
901359,40,12288,true,5/10/2025,01:01
901350,29,1267,false,5/10/2025,01:06
900992,29,8920,true,5/9/2025,19:48
900926,76,26091,true,5/9/2025,17:54
900922,15,8920,true,5/9/2025,17:48
900910,70,2179,true,5/9/2025,17:32
900877,29,4414,true,5/9/2025,16:49
900777,14,41074,true,5/9/2025,13:59
900596,51,9177,false,5/9/2025,06:45
900305,30,1321,true,5/9/2025,00:44
900264,18,1335,true,5/9/2025,00:11
900003,29,22408,true,5/8/2025,21:00
899812,12,2516,true,5/8/2025,16:37
899634,21,12070,true,5/8/2025,11:15
899508,48,22900,true,5/8/2025,06:39
899444,39,38850,true,5/8/2025,03:23
899440,39,22442,true,5/8/2025,03:21
898993,45,38098,true,5/7/2025,20:36
898981,28,36950,true,5/7/2025,20:25
898843,35,2654,true,5/7/2025,17:09
898742,39,49892,true,5/7/2025,13:38
898053,46,13865,true,5/6/2025,20:17
898041,14,1660,true,5/6/2025,20:05
898008,36,41814,true,5/6/2025,19:46
897923,7,2014,true,5/6/2025,18:05
897842,21,37451,true,5/6/2025,16:46
897821,25,23498,true,5/6/2025,16:10
897622,30,37025,true,5/6/2025,07:13
897135,29,25638,true,5/5/2025,20:27
897112,92,49855,true,5/5/2025,20:12
897106,43,1515,true,5/5/2025,20:05
896998,45,32535,true,5/5/2025,17:50
896992,75,2151,true,5/5/2025,17:43
896966,19,25269,true,5/5/2025,17:06
896937,103,2179,true,5/5/2025,16:49
896692,43,38029,true,5/5/2025,08:03
896674,46,12300,true,5/5/2025,07:16
896627,14,23503,true,5/5/2025,03:59
896553,65,49843,true,5/5/2025,02:07
896374,40,42132,true,5/4/2025,23:36
896276,40,1535,true,5/4/2025,22:27
896001,54,5963,true,5/4/2025,18:15
895947,63,39074,true,5/4/2025,17:21
895932,15,1433,true,5/4/2025,17:07
895929,44,30296,true,5/4/2025,17:03
895911,23,12444,true,5/4/2025,16:40
895491,30,37025,true,5/4/2025,06:11
895398,16,8693,true,5/4/2025,03:04
895227,23,2009,true,5/3/2025,23:34
895067,29,2217,true,5/3/2025,21:42
895065,30,9165,true,5/3/2025,21:42
894805,36,37016,true,5/3/2025,17:55
894711,47,20060,true,5/3/2025,16:12
894710,47,3944,true,5/3/2025,16:05
894706,25,9004,true,5/3/2025,15:55
894564,16,38460,true,5/3/2025,12:48
894343,15,1433,true,5/3/2025,03:28
894249,23,34105,true,5/3/2025,01:39
893990,41,18928,true,5/2/2025,22:25
893882,7,1937,true,5/2/2025,21:13
893853,41,7563,true,5/2/2025,20:41
893761,27,7575,true,5/2/2025,19:30
893701,30,18532,true,5/2/2025,18:20
893650,35,1321,true,5/2/2025,18:03
893646,29,18909,true,5/2/2025,17:58
893611,23,19797,true,5/2/2025,17:29
893585,51,2696,true,5/2/2025,17:14
893543,30,36884,true,5/2/2025,16:52
893456,25,38460,true,5/2/2025,15:05
893453,18,1433,true,5/2/2025,15:04
893374,67,29660,true,5/2/2025,13:47
893036,23,34105,true,5/2/2025,02:26
892996,46,24694,true,5/2/2025,01:49
892904,32,3258,true,5/2/2025,00:42
892812,29,34431,true,5/1/2025,23:31
892790,23,1493,true,5/1/2025,23:17
892430,7,8776,true,5/1/2025,19:29
892412,39,8776,true,5/1/2025,19:09
892353,31,1122,true,5/1/2025,18:17
892289,60,2476,true,5/1/2025,17:17
892212,21,25761,true,5/1/2025,15:34
891989,31,2584,true,5/1/2025,12:07
891988,25,17018,true,5/1/2025,12:06
891978,88,41162,true,5/1/2025,11:46
891947,68,1808,true,5/1/2025,11:02
891918,30,36989,true,5/1/2025,10:03
891829,14,48633,true,5/1/2025,07:57
891638,46,7296,true,5/1/2025,02:51
891618,37,10831,true,5/1/2025,02:34
891402,15,1814,true,5/1/2025,00:12
891398,14,42588,true,5/1/2025,00:07
891243,15,3909,true,4/30/2025,22:10
891239,7,5692,true,4/30/2025,22:05
891137,16,8693,true,4/30/2025,20:55
891051,23,2930,true,4/30/2025,19:04
890875,37,37451,true,4/30/2025,15:32
890700,32,3707,true,4/30/2025,10:50
890100,54,34129,true,4/29/2025,20:14
889917,43,22992,true,4/29/2025,17:55
889794,23,30961,true,4/29/2025,16:05
889395,23,29703,true,4/29/2025,03:01
889380,7,2339,true,4/29/2025,02:52
889047,25,1650,true,4/28/2025,22:24
888913,30,37717,true,4/28/2025,20:45
888781,50,4147,true,4/28/2025,18:55
888664,40,35494,true,4/28/2025,16:59
888630,45,2384,true,4/28/2025,16:03
888552,25,1335,true,4/28/2025,14:11
888341,14,9052,true,4/28/2025,08:29
888100,30,37025,true,4/28/2025,01:22
888043,71,9165,true,4/28/2025,00:42
887911,25,18909,true,4/27/2025,23:21
887642,50,9320,true,4/27/2025,21:03
887581,67,27353,true,4/27/2025,20:20
887485,32,4230,true,4/27/2025,19:36
887426,29,8959,true,4/27/2025,18:39
887390,14,37016,true,4/27/2025,18:01
887370,32,20953,true,4/27/2025,17:41
887295,66,2068,true,4/27/2025,16:29
887275,15,29747,true,4/27/2025,16:02
886790,32,3418,true,4/27/2025,03:41
886742,39,38396,true,4/27/2025,02:54
886580,30,10734,true,4/27/2025,00:49
886508,40,34672,true,4/27/2025,00:04
886476,28,33553,true,4/26/2025,23:18
886435,29,38251,true,4/26/2025,22:48
886377,16,8693,true,4/26/2025,21:48
886330,37,10833,true,4/26/2025,21:16
886230,41,2131,true,4/26/2025,19:34
886202,29,1661,true,4/26/2025,19:01
886097,70,2384,true,4/26/2025,16:41
885642,14,34254,true,4/25/2025,00:00
885574,22,12234,true,4/25/2025,23:03
885372,29,37016,true,4/25/2025,20:13
885301,25,3217,true,4/25/2025,19:03
885211,29,1070,true,4/25/2025,17:06
885186,122,1568,true,4/25/2025,16:49
885183,45,1468,true,4/25/2025,16:38
885173,49,4364,true,4/25/2025,16:29
884798,29,18909,true,4/25/2025,03:46
884763,46,2091,true,4/25/2025,02:50
884697,23,11996,true,4/25/2025,01:08
884573,28,34028,true,4/24/2025,22:47
884354,28,2277,true,4/24/2025,19:06
884338,30,2400,true,4/24/2025,18:32
884309,25,2227,true,4/24/2025,17:47
884274,54,1058,true,4/24/2025,16:56
883984,31,32535,true,4/24/2025,06:43
883964,14,30569,true,4/24/2025,05:09
883837,15,2860,true,4/24/2025,00:22
883746,27,1447,true,4/23/2025,22:45
883489,30,39074,true,4/23/2025,18:32
883413,18,1335,true,4/23/2025,16:37
882770,42,6078,true,4/22/2025,21:02
882691,30,24605,true,4/22/2025,19:27
882624,47,16942,true,4/22/2025,18:12
882576,47,1058,true,4/22/2025,17:09
882145,14,27559,true,4/22/2025,01:06
881839,16,33097,true,4/21/2025,19:43
881747,46,9376,true,4/21/2025,17:50
881672,38,2384,true,4/21/2025,16:21
881509,16,12070,true,4/21/2025,11:40
881393,46,34105,true,4/21/2025,06:37
881260,51,19488,true,4/21/2025,00:20
881244,23,36821,true,4/20/2025,23:53
880883,20,10031,true,4/20/2025,17:22
880656,7,20513,true,4/20/2025,09:28
880165,91,15627,true,4/19/2025,19:03
880037,23,12196,true,4/19/2025,16:09
880020,34,1148,true,4/19/2025,15:39
879841,67,9078,true,4/19/2025,10:10
879247,48,38909,true,4/18/2025,20:00
879133,7,12196,true,4/18/2025,17:49
878479,37,36950,true,4/18/2025,01:38
877517,47,1468,true,4/17/2025,00:33
877297,30,25492,true,4/16/2025,21:18
877234,29,1503,true,4/16/2025,20:06
877167,14,47189,true,4/16/2025,18:55
877052,25,8652,true,4/16/2025,16:26
877016,47,1058,true,4/16/2025,15:22
876815,45,7297,true,4/16/2025,09:25
876806,23,24582,true,4/16/2025,09:08
876712,62,42005,true,4/16/2025,04:27
876546,30,2241,true,4/16/2025,00:16
876368,14,30569,true,4/15/2025,21:40
876182,25,1485,true,4/15/2025,18:01
876180,15,1633,true,4/15/2025,17:59
875921,21,46824,true,4/15/2025,11:09
875857,69,1871,true,4/15/2025,08:11
875324,29,7322,true,4/14/2025,19:09
875288,31,1263,true,4/14/2025,18:24
875205,52,12085,true,4/14/2025,16:49
875068,14,4073,true,4/14/2025,13:23
874971,88,36137,true,4/14/2025,09:55
874496,30,2519,true,4/13/2025,21:18
874297,23,22572,true,4/13/2025,17:53
874098,32,1058,true,4/13/2025,14:13
873931,31,2481,true,4/13/2025,10:16
873928,21,46824,true,4/13/2025,10:08
873926,30,29736,true,4/13/2025,10:04
873852,19,38082,true,4/13/2025,07:04
873834,30,29854,true,4/13/2025,06:33
873833,30,34105,true,4/13/2025,06:30
873761,62,1776,true,4/13/2025,02:40
873646,58,20431,true,4/13/2025,01:43
873600,55,31391,true,4/13/2025,00:52
873511,57,4523,true,4/12/2025,23:35
873473,14,1849,true,4/12/2025,22:52
873193,61,4249,true,4/12/2025,19:17
873184,45,7185,true,4/12/2025,19:04
873165,54,20431,true,4/12/2025,18:44
873106,29,8959,true,4/12/2025,18:04
873050,38,7336,true,4/12/2025,17:07
872995,29,29837,true,4/12/2025,16:17
872355,18,1335,true,4/12/2025,00:39
872143,16,38643,true,4/11/2025,22:09
872084,16,1937,true,4/11/2025,21:34
872077,48,7334,true,4/11/2025,21:28
872029,50,2811,true,4/11/2025,20:56
871973,29,2811,true,4/11/2025,20:06
871940,45,1661,true,4/11/2025,19:38
871746,35,1456,true,4/11/2025,16:40
871582,37,2781,true,4/11/2025,14:00
871458,44,17043,true,4/11/2025,11:15
871434,32,1335,true,4/11/2025,10:34
871246,30,18385,true,4/11/2025,07:15
871016,133,12234,true,4/11/2025,01:45
871009,25,2310,true,4/11/2025,01:34
870592,45,32535,true,4/10/2025,21:10
870499,25,1661,true,4/10/2025,19:37
870368,55,37904,true,4/10/2025,17:23
870013,43,5842,true,4/10/2025,10:28
869922,23,29837,true,4/10/2025,07:59
869825,18,1335,true,4/10/2025,04:53
869459,51,4489,true,4/9/2025,22:13
869364,23,2404,true,4/9/2025,20:52
869332,25,1485,true,4/9/2025,20:21
869207,14,8724,true,4/9/2025,17:50
869142,29,28407,true,4/9/2025,16:27
868192,55,36667,true,4/8/2025,19:14
868187,69,20431,true,4/8/2025,18:59
868086,23,35787,true,4/8/2025,16:57
868027,30,1814,true,4/8/2025,15:22
867899,26,30569,true,4/8/2025,11:37
867887,16,29053,true,4/8/2025,10:52
867856,37,40905,true,4/8/2025,09:40
867843,36,12234,true,4/8/2025,09:04
867591,21,1849,true,4/8/2025,02:46
867580,30,2926,true,4/8/2025,02:30
867382,16,10563,true,4/7/2025,23:24
867033,25,3689,true,4/7/2025,17:17
866996,23,1995,true,4/7/2025,16:26
866985,31,1727,true,4/7/2025,16:10
866830,35,28407,true,4/7/2025,12:29
866759,23,1382,true,4/7/2025,10:29
866657,33,1058,true,4/7/2025,07:55
866628,14,41150,true,4/7/2025,07:28
866603,28,33518,true,4/7/2025,06:55
866572,47,36864,true,4/7/2025,05:50
866420,30,1123,true,4/7/2025,02:01
866402,23,34105,true,4/7/2025,01:48
866307,32,7494,true,4/7/2025,00:22
866218,61,17263,true,4/6/2025,23:11
866155,46,3217,true,4/6/2025,22:30
866064,25,10833,true,4/6/2025,20:58
865977,25,29053,true,4/6/2025,19:37
865832,60,5969,true,4/6/2025,17:01
865800,16,15801,true,4/6/2025,15:47
865772,21,30569,true,4/6/2025,15:15
865618,93,41162,true,4/6/2025,12:41
865293,19,2486,true,4/6/2025,03:05
865190,23,34105,true,4/6/2025,01:55
865155,54,20431,true,4/6/2025,01:29
864650,22,13931,true,4/5/2025,18:05
864625,16,42468,true,4/5/2025,17:29
864397,22,1995,true,4/5/2025,12:05
864382,30,7334,true,4/5/2025,11:37
864317,73,3689,true,4/5/2025,09:07
864299,39,33606,true,4/5/2025,08:34
863837,52,8724,true,4/5/2025,00:51
863792,65,1535,true,4/5/2025,00:30
863703,64,37322,true,4/4/2025,23:39
863612,84,2888,true,4/4/2025,22:42
863476,15,22544,true,4/4/2025,21:11
863407,59,2217,true,4/4/2025,20:15
863404,103,4532,true,4/4/2025,20:14
863401,46,11912,true,4/4/2025,20:12
863361,30,30569,true,4/4/2025,19:24
863354,47,24009,true,4/4/2025,19:18
863348,71,7249,true,4/4/2025,19:14
863314,78,13865,true,4/4/2025,18:44
863274,85,12234,true,4/4/2025,17:57
863207,16,23165,true,4/4/2025,16:36
863165,29,4011,true,4/4/2025,15:35
863148,29,1907,true,4/4/2025,15:14
862919,37,19537,true,4/4/2025,09:13
862913,30,4045,true,4/4/2025,09:06
862898,104,11906,true,4/4/2025,08:54
862525,30,38176,true,4/4/2025,03:50
862276,35,36989,true,4/4/2025,01:36
862013,58,13970,true,4/3/2025,22:57
861893,25,21240,true,4/3/2025,21:49
861870,29,20004,true,4/3/2025,21:35
861846,39,47567,true,4/3/2025,21:31
861816,216,31685,true,4/3/2025,21:01
861778,54,17018,true,4/3/2025,20:41
861635,76,41162,true,4/3/2025,18:45
861529,26,7224,true,4/3/2025,16:53
861250,39,10554,true,4/3/2025,10:56
861249,44,8970,true,4/3/2025,10:52
861116,25,1385,true,4/3/2025,07:17
861030,46,34105,true,4/3/2025,06:23
860694,32,12119,true,4/3/2025,02:02
860650,35,24694,true,4/3/2025,01:45
860601,30,32671,true,4/3/2025,01:26
860545,29,19488,true,4/3/2025,00:57
860149,44,12447,true,4/2/2025,21:18
860010,45,7297,true,4/2/2025,19:36
859920,53,2339,true,4/2/2025,17:56
859616,39,41443,true,4/2/2025,11:54
859607,14,25958,true,4/2/2025,11:34
859571,46,14172,true,4/2/2025,10:45
859540,7,30569,true,4/2/2025,09:40
859534,39,22296,true,4/2/2025,09:31
859521,30,34105,true,4/2/2025,09:09
859357,44,23503,true,4/2/2025,06:33
859261,18,9052,true,4/2/2025,04:33
859215,14,8970,true,4/2/2025,03:54
859183,48,9165,true,4/2/2025,03:34
859030,12,38251,true,4/2/2025,02:23
859024,87,2620,true,4/2/2025,02:20
858806,21,30950,true,4/2/2025,01:03
858612,39,2486,true,4/1/2025,23:14
858606,31,7297,true,4/1/2025,23:12
858266,14,36747,true,4/1/2025,20:06
858185,29,7478,true,4/1/2025,19:06
857994,16,30569,true,4/1/2025,15:12
857951,28,32465,true,4/1/2025,14:33
857824,41,3704,true,4/1/2025,11:30
857822,14,47525,true,4/1/2025,11:15
857812,42,30296,true,4/1/2025,10:57
857808,14,9018,true,4/1/2025,10:47
857737,22,23646,true,4/1/2025,09:06
857679,28,13754,true,4/1/2025,08:14
857676,49,8692,true,4/1/2025,08:12
857639,98,41162,true,4/1/2025,07:44
857482,45,1689,true,4/1/2025,05:40
857461,28,2926,true,4/1/2025,04:27
857424,23,47049,true,4/1/2025,03:47
857419,28,37265,true,4/1/2025,03:44
857407,34,29053,true,4/1/2025,03:33
857345,23,24874,true,4/1/2025,03:02
857344,14,2254,true,4/1/2025,03:02
857343,44,3929,true,4/1/2025,03:02
857342,28,24518,true,4/1/2025,03:01
856829,28,4221,true,3/31/2025,22:11
856697,56,1099,true,3/31/2025,20:57
856445,21,22596,true,3/31/2025,17:07
856341,74,10297,true,3/31/2025,14:45
856095,7,17838,true,3/31/2025,09:19
855988,14,8958,true,3/31/2025,07:44
855091,70,10685,true,3/31/2025,00:10
854816,21,13753,true,3/30/2025,22:29
854556,14,1849,true,3/30/2025,20:13
852992,78,10665,true,3/30/2025,01:36
852534,16,18385,true,3/29/2025,22:51
852449,28,32465,true,3/29/2025,21:47
852409,42,42005,true,3/29/2025,20:56
852323,39,13865,true,3/29/2025,17:33
851985,39,2427,true,3/29/2025,02:42
851678,14,28154,true,3/28/2025,23:12
851508,58,23418,true,3/28/2025,19:38
850981,46,47212,false,3/28/2025,02:46
850873,14,1772,true,3/28/2025,02:05
850726,42,7518,true,3/28/2025,00:50
850637,35,12300,true,3/27/2025,23:35
850573,16,1772,true,3/27/2025,22:12
850231,16,2418,true,3/27/2025,03:27
850177,67,12443,false,3/27/2025,03:07
849866,65,4537,true,3/26/2025,23:54
849768,28,8652,true,3/26/2025,22:05
849742,46,8776,true,3/26/2025,21:28
849739,14,10791,true,3/26/2025,21:18
849376,23,41571,false,3/26/2025,02:55
849205,42,17018,true,3/26/2025,01:37
849158,25,10145,false,3/26/2025,01:13
849097,98,1335,false,3/26/2025,00:28
848730,49,4147,true,3/25/2025,17:18
848706,29,19488,true,3/25/2025,17:03
848448,30,4537,true,3/25/2025,02:41
848180,22,30122,false,3/24/2025,23:26
848086,46,5654,true,3/24/2025,20:29
848065,49,5753,true,3/24/2025,19:10
847590,14,2813,false,3/23/2025,23:28
847501,23,30569,true,3/23/2025,21:47
847481,30,19797,true,3/23/2025,21:26
847462,16,1772,false,3/23/2025,21:01
847454,32,2098,true,3/23/2025,20:05
847277,15,1656,false,3/23/2025,03:12
847221,18,1335,true,3/23/2025,02:35
847189,37,23073,true,3/23/2025,02:16
846951,55,2907,true,3/22/2025,22:03
846938,49,3059,true,3/22/2025,21:31
846924,29,30961,true,3/22/2025,20:46
846904,7,17838,true,3/22/2025,19:46
846698,27,21240,false,3/22/2025,03:12
846643,28,2083,true,3/22/2025,02:42
846452,57,19488,false,3/22/2025,00:05
846305,28,38251,true,3/21/2025,20:18
845999,32,1155,false,3/21/2025,03:31
845956,7,17838,true,3/21/2025,03:10
845887,9,38251,true,3/21/2025,02:36
845770,14,1123,true,3/21/2025,01:35
845644,23,3059,true,3/20/2025,23:40
845638,87,2888,true,3/20/2025,23:37
845512,23,47381,true,3/20/2025,20:57
845490,12,23324,true,3/20/2025,19:39
845191,29,1451,true,3/20/2025,03:16
845151,29,7531,true,3/20/2025,02:33
845092,16,4272,false,3/20/2025,02:05
844999,53,1238,true,3/20/2025,00:50
844969,28,1469,true,3/20/2025,00:22
844902,21,8652,true,3/19/2025,22:48
844900,16,2942,true,3/19/2025,22:41
844897,16,10145,false,3/19/2025,22:40
844867,58,7185,false,3/19/2025,22:01
844833,42,2654,false,3/19/2025,20:56
844527,7,7251,true,3/19/2025,02:59
844497,37,4301,true,3/19/2025,02:45
844389,14,1343,true,3/19/2025,01:36
844286,29,1856,true,3/19/2025,00:22
844254,50,28893,true,3/18/2025,23:48
844220,30,18321,true,3/18/2025,23:15
844200,29,15341,false,3/18/2025,23:03
844168,22,36849,true,3/18/2025,22:28
843716,25,12122,true,3/18/2025,00:59
843071,12,1837,true,3/16/2025,22:40
843003,28,1777,true,3/16/2025,20:12
842997,29,4011,true,3/16/2025,20:08
842996,39,36849,true,3/16/2025,20:08
842787,7,7589,true,3/16/2025,03:09
842713,25,4272,false,3/16/2025,02:11
842607,64,23939,true,3/16/2025,00:55
842599,32,8625,true,3/16/2025,00:53
842586,14,8652,true,3/16/2025,00:33
842555,23,19797,true,3/16/2025,00:04
842490,41,37632,true,3/15/2025,22:48
842482,22,18532,true,3/15/2025,22:33
842453,30,46760,false,3/15/2025,21:42
842219,46,9177,true,3/15/2025,03:39
842086,25,33632,true,3/15/2025,01:33
842014,7,31254,true,3/15/2025,00:01
841972,23,2240,true,3/14/2025,23:00
841960,44,2654,false,3/14/2025,22:38
841944,28,1772,true,3/14/2025,22:16
841911,23,36849,true,3/14/2025,21:33
841488,15,2035,false,3/14/2025,02:23
841371,29,2145,true,3/14/2025,01:19
841341,25,13865,true,3/14/2025,00:55
841226,15,1995,true,3/13/2025,23:04
841198,29,36769,true,3/13/2025,22:24
841193,15,22910,true,3/13/2025,22:20
841188,25,26792,true,3/13/2025,22:11
841182,23,12300,true,3/13/2025,22:02
840936,66,29053,false,3/13/2025,03:12
840651,42,2654,false,3/12/2025,23:18
840617,14,8652,true,3/12/2025,22:10
840616,52,19488,true,3/12/2025,22:09
840605,15,10830,true,3/12/2025,21:39
840597,34,36763,true,3/12/2025,21:34
840580,29,5692,true,3/12/2025,21:09
840567,28,5753,true,3/12/2025,20:48
840242,7,30569,true,3/12/2025,01:56
840131,46,1441,true,3/11/2025,23:55
840102,23,10841,true,3/11/2025,23:06
840095,14,12327,true,3/11/2025,22:52
840070,23,36849,true,3/11/2025,22:23
840055,12,26792,true,3/11/2025,22:06
840047,32,20004,true,3/11/2025,22:00
840021,25,1917,true,3/11/2025,21:24
840020,26,1099,true,3/11/2025,21:20
840009,54,1058,true,3/11/2025,20:59
840005,18,8693,true,3/11/2025,20:55
839990,16,18532,true,3/11/2025,20:19
839893,51,7478,true,3/11/2025,17:11
839438,21,37904,true,3/10/2025,22:33
839063,30,2041,false,3/10/2025,02:41
838992,34,1335,true,3/10/2025,01:59
838887,50,20004,true,3/10/2025,00:47
838886,16,30366,true,3/10/2025,00:48
838878,55,1814,true,3/10/2025,00:43
838805,27,15341,false,3/9/2025,23:17
838766,80,2083,false,3/9/2025,22:30
838765,23,23723,true,3/9/2025,22:34
838729,32,2743,true,3/9/2025,21:53
838716,14,37904,true,3/9/2025,21:22
838434,12,3255,true,3/9/2025,02:42
838287,16,30569,true,3/9/2025,00:33
838263,55,37088,true,3/9/2025,00:13
838223,32,26219,true,3/8/2025,23:34
838215,39,42006,true,3/8/2025,23:13
838188,14,12287,true,3/8/2025,22:36
838160,7,2865,false,3/8/2025,21:41
838157,14,37987,true,3/8/2025,21:40
838156,14,8652,true,3/8/2025,21:38
837715,50,4433,false,3/8/2025,01:32
837681,15,47216,false,3/8/2025,01:10
837631,33,10242,true,3/8/2025,00:28
837566,15,35865,true,3/7/2025,23:29
837514,37,19797,true,3/7/2025,21:46
837493,30,20953,true,3/7/2025,21:17
837478,14,1658,true,3/7/2025,20:45
837464,42,2404,false,3/7/2025,20:17
837191,32,33127,false,3/7/2025,03:17
837046,64,27585,true,3/7/2025,01:32
837040,36,7392,true,3/7/2025,01:29
837023,41,15627,true,3/7/2025,01:17
836986,30,2654,true,3/7/2025,00:48
836860,21,20597,true,3/6/2025,22:42
836859,64,1058,true,3/6/2025,22:39
836851,35,31000,true,3/6/2025,22:34
836811,69,36763,true,3/6/2025,21:49
836798,23,12300,true,3/6/2025,21:32
836791,21,7251,true,3/6/2025,21:06
836540,18,1058,true,3/6/2025,03:07
836410,73,8652,true,3/6/2025,01:21
836370,53,2519,true,3/6/2025,00:36
836259,14,37904,true,3/5/2025,21:55
836237,7,30569,true,3/5/2025,20:50
836234,41,10145,false,3/5/2025,20:44
836229,35,8884,true,3/5/2025,20:27
836217,14,5654,true,3/5/2025,19:43
836001,39,1579,false,3/5/2025,02:54
835961,32,10329,false,3/5/2025,02:25
835833,28,36950,true,3/5/2025,00:32
835781,12,1837,true,3/4/2025,23:39
835663,41,36953,true,3/4/2025,18:59
835441,57,7296,true,3/4/2025,02:46
835368,12,1837,true,3/4/2025,01:54
835367,23,13952,true,3/4/2025,01:53
835365,53,1814,true,3/4/2025,01:50
835306,64,37632,true,3/4/2025,00:44
835301,52,10265,false,3/4/2025,00:38
835198,37,2693,false,3/3/2025,22:21
835197,50,1058,true,3/3/2025,22:20
835191,14,12287,true,3/3/2025,22:08
835168,67,3340,true,3/3/2025,21:36
835164,23,2819,true,3/3/2025,21:26
835141,50,27841,true,3/3/2025,19:40
835137,43,2934,false,3/3/2025,19:03
835126,28,1439,true,3/3/2025,17:53
834994,7,20208,true,3/3/2025,04:29
834880,25,3255,false,3/3/2025,02:17
834808,37,22408,true,3/3/2025,01:20
834793,14,2142,true,3/3/2025,01:09
834714,39,42005,true,3/2/2025,23:24
834697,35,17222,true,3/2/2025,22:51
834688,42,9112,false,3/2/2025,22:28
834648,38,18189,true,3/2/2025,21:10
834640,23,18532,true,3/2/2025,20:59
834609,7,30569,true,3/2/2025,19:21
834319,12,3255,true,3/2/2025,01:56
834256,15,3197,true,3/2/2025,01:16
834176,30,4138,false,3/1/2025,23:42
834126,46,11912,true,3/1/2025,22:29
834091,16,33344,true,3/1/2025,20:57
834090,16,18532,true,3/1/2025,20:56
834089,30,8776,true,3/1/2025,20:50
833754,53,2888,true,3/1/2025,02:04
833719,44,2519,true,3/1/2025,01:40
833686,29,2145,true,3/1/2025,01:16
833682,81,10265,false,3/1/2025,01:11
833679,19,35494,true,3/1/2025,01:09
833678,30,4537,true,3/1/2025,01:09
833670,29,7392,true,3/1/2025,01:07
833626,67,38882,false,3/1/2025,00:27
833233,23,17696,true,2/28/2025,21:13
833175,20,29691,true,2/28/2025,20:19
833132,50,10833,true,2/28/2025,19:54
833061,12,1070,true,2/28/2025,19:12
832966,29,1917,true,2/28/2025,17:43
832936,48,31554,true,2/28/2025,17:19
832917,97,41162,true,2/28/2025,16:55
832900,44,1743,true,2/28/2025,16:44
832890,29,37703,true,2/28/2025,16:38
832885,53,1099,true,2/28/2025,16:29
830059,16,7224,true,2/28/2025,02:37
829974,39,4272,false,2/28/2025,02:10
828861,29,2529,true,2/28/2025,01:27
828776,50,24253,true,2/28/2025,01:06
828643,50,1451,true,2/28/2025,00:27
828625,16,4460,true,2/28/2025,00:20
828204,28,5654,true,2/27/2025,21:40
828094,48,2273,true,2/27/2025,20:47
828036,65,10297,true,2/27/2025,20:12
828030,55,1099,true,2/27/2025,20:01
827982,30,24582,true,2/27/2025,19:19
827892,54,1466,true,2/27/2025,18:15
827865,47,20147,true,2/27/2025,17:56
827816,58,1243,false,2/27/2025,17:22
827783,29,4364,true,2/27/2025,16:58
826733,96,42005,true,2/27/2025,00:10
826521,40,37527,false,2/26/2025,22:05
826462,50,24253,true,2/26/2025,20:47
826453,58,2949,true,2/26/2025,20:38
826375,55,9376,true,2/26/2025,19:20
826283,12,22992,true,2/26/2025,17:42
826260,54,3944,true,2/26/2025,17:12
826256,64,32571,true,2/26/2025,17:06
826232,41,10136,true,2/26/2025,16:21
825737,23,10145,true,2/26/2025,01:31
825700,16,19390,false,2/26/2025,00:50
825672,27,13931,true,2/26/2025,00:29
825620,126,3307,true,2/25/2025,23:57
825582,23,30569,true,2/25/2025,23:09
825322,29,32535,true,2/25/2025,19:26
825229,22,21238,true,2/25/2025,17:52
825225,50,1466,true,2/25/2025,17:48
825184,54,2548,true,2/25/2025,17:07
825179,57,34549,true,2/25/2025,17:04
825163,52,20953,true,2/25/2025,16:42
824780,58,9177,true,2/25/2025,01:45
824735,15,13931,true,2/25/2025,01:20
824689,50,1447,true,2/25/2025,00:38
824669,25,1485,true,2/25/2025,00:18
824639,23,29291,false,2/24/2025,23:55
824515,55,13865,true,2/24/2025,22:35
824402,30,9107,true,2/24/2025,20:33
824377,28,2284,true,2/24/2025,20:25
824359,42,3213,true,2/24/2025,20:14
824355,30,46945,false,2/24/2025,20:13
824354,32,1777,true,2/24/2025,20:11
824327,26,10629,true,2/24/2025,19:55
824256,12,1070,true,2/24/2025,18:32
824231,71,22992,true,2/24/2025,17:52
823715,15,4364,true,2/24/2025,00:39
823633,32,35501,false,2/23/2025,23:42
823502,15,3358,true,2/23/2025,21:43
823417,57,32737,true,2/23/2025,20:36
823390,83,4249,true,2/23/2025,20:12
823373,51,19488,true,2/23/2025,19:56
823366,60,1831,true,2/23/2025,19:47
823354,12,4567,true,2/23/2025,19:35
823287,89,31122,false,2/23/2025,18:20
823281,104,15627,true,2/23/2025,18:14
823248,63,11912,true,2/23/2025,17:43
823236,12,1070,true,2/23/2025,17:23
823231,115,3602,true,2/23/2025,17:13
823224,16,30569,true,2/23/2025,17:01
823195,15,2619,true,2/23/2025,16:05
822642,21,7408,false,2/22/2025,23:06
822630,30,1224,true,2/22/2025,22:58
822610,21,35501,false,2/22/2025,22:46
822578,15,32964,true,2/22/2025,22:25
822557,23,10297,true,2/22/2025,22:11
822460,29,29898,true,2/22/2025,21:06
822423,21,2153,false,2/22/2025,20:46
822419,40,46222,false,2/22/2025,20:45
822388,59,1849,true,2/22/2025,20:14
822387,15,42468,true,2/22/2025,20:14
822382,25,37451,true,2/22/2025,20:12
822343,25,28154,false,2/22/2025,19:29
822334,50,36693,true,2/22/2025,19:23
822323,30,9376,true,2/22/2025,19:09
822304,89,9078,true,2/22/2025,18:44
822204,14,37904,true,2/22/2025,17:03
821724,23,8709,false,2/22/2025,00:49
821687,21,7563,true,2/22/2025,00:04
821657,26,15627,true,2/21/2025,23:40
821656,306,28893,true,2/21/2025,23:30
821593,27,26618,true,2/21/2025,22:36
821488,16,23145,false,2/21/2025,21:16
821456,51,10297,false,2/21/2025,20:55
821445,29,1816,true,2/21/2025,20:43
821432,55,13865,true,2/21/2025,20:26
821352,29,2619,true,2/21/2025,18:57
821335,35,2490,false,2/21/2025,18:53
821310,12,2130,true,2/21/2025,18:26
821292,31,24457,true,2/21/2025,18:08
821280,37,41541,false,2/21/2025,17:48
821238,15,9401,true,2/21/2025,16:58
821234,57,4035,true,2/21/2025,16:50
820615,45,1554,true,2/21/2025,00:11
820546,28,46834,false,2/20/2025,23:09
820484,29,1917,true,2/20/2025,22:17
820463,7,2954,false,2/20/2025,22:11
820435,30,10297,false,2/20/2025,21:52
820361,29,18532,true,2/20/2025,20:51
820355,58,17041,true,2/20/2025,20:50
820270,40,23498,false,2/20/2025,19:09
820262,39,34549,true,2/20/2025,18:53
820166,25,7283,true,2/20/2025,16:55
820158,30,3017,true,2/20/2025,16:47
820156,54,3944,true,2/20/2025,16:43
820150,28,28876,false,2/20/2025,16:30
819668,25,19695,true,2/20/2025,01:00
819650,12,26760,false,2/20/2025,00:51
819510,39,1689,true,2/19/2025,23:04
819475,23,4560,true,2/19/2025,22:21
819397,25,1485,true,2/19/2025,21:28
819267,34,1148,true,2/19/2025,19:44
819180,21,30569,true,2/19/2025,17:58
819159,41,29691,true,2/19/2025,17:35
819146,29,9553,true,2/19/2025,17:19
819109,32,18532,true,2/19/2025,16:09
818344,31,8674,true,2/18/2025,20:32
818337,22,1485,true,2/18/2025,20:27
818281,16,2743,true,2/18/2025,19:55
818255,12,17018,true,2/18/2025,19:34
818244,29,19793,true,2/18/2025,19:27
818150,52,9553,true,2/18/2025,17:46
818139,37,26618,true,2/18/2025,17:35
818135,64,34536,true,2/18/2025,17:28
817661,30,3909,true,2/18/2025,00:56
817446,61,1058,true,2/17/2025,21:46
817406,29,38349,true,2/17/2025,21:21
817403,47,1485,true,2/17/2025,21:16
817305,22,25605,true,2/17/2025,19:56
817304,45,18532,true,2/17/2025,19:54
817297,56,1849,true,2/17/2025,19:46
816599,29,27559,true,2/16/2025,23:34
816551,14,31806,true,2/16/2025,22:46
816451,28,2701,true,2/16/2025,21:18
816291,25,1447,true,2/16/2025,19:03
816264,12,25422,true,2/16/2025,18:44
816249,14,1277,true,2/16/2025,18:30
816248,19,7283,true,2/16/2025,18:32
816233,43,1447,true,2/16/2025,18:14
816213,27,1539,true,2/16/2025,17:55
816175,30,42310,true,2/16/2025,17:09
